﻿<?xml version="1.0" encoding="UTF-8"?>
<bwo_specific_config>
  <!--<authservicepage>http://ssif-qat-autc.uk.experian.local/WASPAuthenticator/SignOnService.asmx/InteractiveInterface?AAL=BasicAuthentication,PassphraseAuthentication&Target=http://EDA-DEV-BWH01.uk.experian.local:8080/&ITT=Logon</authservicepage>  -->

  <qat_authservicepage>http://eda-dev-bwh01.uk.experian.local:8080/</qat_authservicepage>
  <EIGRTester1aE01D>Summer2020,aaaaaaaaaa</EIGRTester1aE01D>
  <EIGRTester2E01D>Lockdown2020,aaaaaaaaaa</EIGRTester2E01D>
  <EIGRTester3E01D>Lockdown2020,aaaaaaaaaa</EIGRTester3E01D>
  <EIGRTester4E01D>Summer2020,aaaaaaaaaa</EIGRTester4E01D>
  <EIGRTester5E01D>Lockdown2020,aaaaaaaaaa</EIGRTester5E01D>

  <uat_authservicepage>https://uat.bankwizardonline.uk.experian.com/</uat_authservicepage>
  <EXPNEigrtest1ae0E01U>Payments1,password</EXPNEigrtest1ae0E01U>
  
</bwo_specific_config>