﻿<?xml version="1.0" encoding="UTF-8"?>
<ETAF_Core_Config>

  <DebugMode>On</DebugMode>
  <!--DebugMode Flag: On/Off in lowercase; Set the flag to "Off" for test datapoints to hit Central DB -->
  <project_id>779877</project_id>
  <!--Project ID needs to be configured for CDB Execution; this setup needs to happen from TAFF Project Team  -->

  <!-- <DB Connection Details when using DebugMode OFF mode> -->
  <db_connection_string>jdbc:mysql://10.188.31.79:3306/experian_webautomationui</db_connection_string>
  <db_username>root</db_username>
  <db_password>root</db_password>

  <GridConfigFile>C:\testautomation\projects\gridConfig - Master.xml</GridConfigFile>
  <!-- for Grid Execution, the config needs to be done at GridConfigFile location -->
  
  <JiraEnabled>Off</JiraEnabled>
  <!--JiraEnabled Flag: On/Off in lowercase; Set the flag to "On/Off" to enable/disable JiraTicket Creation with Test Steps using Automation Script. Info: This feature works in conjunction with Jira Credentials (JiraUserName,JiraPassword,JiraProject)-->
  <JiraLink>https://jira.uk.experian.local/</JiraLink>
  <JiraUserName>bwjiraserviceuser</JiraUserName>
  <JiraPassword>bwjiraserviceuser</JiraPassword>
  <JiraProjectId>BW</JiraProjectId>   

</ETAF_Core_Config>
